id,Account_Number,Passwords
1,08575764010184,0KU2rj7i
2,68952846902529,2auQpE
3,22230075886536,2HaPbcH94
4,09866155909969,2n4MWE9w
5,41925269929637,31SW9Eqw6LyM
6,19632847155926,3762nmhajL0
7,83980013857035,3pSw5zuk5LY8
8,98656176829250,8OsJMP0
9,58793158101334,9yUDOt0ZxsK0
10,61241043675368,A9XSmm
11,07748023383345,AppopckwSc1
12,32066598604345,atPtR8
13,45418097238701,BKUEnC
14,16721361118387,bvu2S8y
15,17985854854546,Cb78lXGR74qH
16,95923723855907,DdCOEG6gM5TD
17,43070721985611,EB9Gq10
18,57899423251868,EVNrHS2Tq
19,80256069682658,FXrFqDy0U
20,78555360953728,gBgTDYBBvP
21,02709817647579,GqbGuv3ma
22,06708595976145,GTkdFvT
23,01873390196697,H0a1sL
24,62296459556301,hghE8U9PPh
25,36948908680893,hRx1VHkA
26,89086380813658,icinVxFNpn4D
27,44200649475876,IEw1O8R38n
28,71447007499414,IIniRo6jz
29,54148506377970,j8Fshw
30,07555518544147,KdoaqPEo
31,31190979835963,Ml4gr64
32,27938707384232,ND3HefZe7RPi
33,08115589784123,NOTnK2AEMd
34,78974277658195,OMizp1Ev
35,63781682403266,ORqRo4Rro
36,40282223919450,qbJZmc
37,60305948417886,QKzHJqxMQjg
38,88565976132392,sD8PbNnb
39,73707050810017,Tt94ys9
40,27742343320725,VNROtkj
41,78530304542013,VPyIP0
42,16288337304350,VvZNvM3sR0A
43,20822941285241,VWn1SXs2ni4f
44,63635946470746,w8ezrG4BI
45,93950103922357,wCQFACIf2Q
46,80341782810123,X3N9zX
47,47974193070464,yDBt4Chlmz
48,81817001231470,yy6yWKwL6mh
49,15159688199659,Z4utNi3
50,31870387293993,ZGp4QIfD0
